INSERT INTO grupoatividade(id,nome) VALUES (0,'NAO SE APLICA');
INSERT INTO grupoatividade(id,nome) VALUES (1,'ASSISTENCIA A SAUDE');
INSERT INTO grupoatividade(id,nome) VALUES (2,'VIGILANCIA EM SAUDE');
INSERT INTO grupoatividade(id,nome) VALUES (3,'GESTAO DA SAUDE');
INSERT INTO grupoatividade(id,nome) VALUES (4,'OUTRAS ATIVIDADES RELACIONADAS A SAUDE HUMANA');

INSERT INTO motivodesativacao(id,nome) VALUES (1,'DESATIVADO TEMPORARIAMENTE PELA VIGILANCIA SANITARIA');
INSERT INTO motivodesativacao(id,nome) VALUES (2,'DESATIVADO TEMPORARIAMENTE POR DECISAO JUDICIAL');
INSERT INTO motivodesativacao(id,nome) VALUES (3,'DESATIVADO TEMPORARIAMENTE POR REFORMA');
INSERT INTO motivodesativacao(id,nome) VALUES (4,'DESATIVADO - OUTROS');
INSERT INTO motivodesativacao(id,nome) VALUES (5,'DESATIVADO DEFINITIVAMENTE POR DECISAO JUDICIAL');
INSERT INTO motivodesativacao(id,nome) VALUES (6,'PELO GESTOR POR DESATUALIZACAO POR PERIODO SUPERIOR A 1 ANO');
INSERT INTO motivodesativacao(id,nome) VALUES (7,'CADASTRADO INDEVIDAMENTE');
INSERT INTO motivodesativacao(id,nome) VALUES (8,'AUTOMATICAMENTE POR NAO ATUALIZACAO SUPERIOR A 6 MESES');
INSERT INTO motivodesativacao(id,nome) VALUES (9,'ESTABELECIMENTO COM INCONSISTENCIAS NO SCNES DA SES/SMS');
INSERT INTO motivodesativacao(id,nome) VALUES (10,'ENCERRAMENTO DAS ATIVIDADES');
INSERT INTO motivodesativacao(id,nome) VALUES (11,'MUDANCA DE MUNICIPIO');
INSERT INTO motivodesativacao(id,nome) VALUES (12,'ALTERACAO DO REGIME DE DIREITO JURIDICO (PUBLICO PARA PRIVAD');
INSERT INTO motivodesativacao(id,nome) VALUES (13,'ALTERACAO DE ATIVIDADE PRINCIPAL');
INSERT INTO motivodesativacao(id,nome) VALUES (14,'PELO GESTOR POR INCONSISTENCIA DE DADOS NA TRANSMISSAO DIRE');

INSERT INTO tipoinstituicao(id,nome) VALUES (0,'OUTROS');
INSERT INTO tipoinstituicao(id,nome) VALUES (1,'UNIDADE BASICA DE SAUDE');
INSERT INTO tipoinstituicao(id,nome) VALUES (2,'CENTRAL DE GESTAO EM SAUDE');
INSERT INTO tipoinstituicao(id,nome) VALUES (3,'CENTRAL DE REGULACAO');
INSERT INTO tipoinstituicao(id,nome) VALUES (4,'CENTRAL DE ABASTECIMENTO');
INSERT INTO tipoinstituicao(id,nome) VALUES (5,'CENTRAL DE TRANSPLANTE');
INSERT INTO tipoinstituicao(id,nome) VALUES (6,'HOSPITAL');
INSERT INTO tipoinstituicao(id,nome) VALUES (7,'CENTRO DE ASSISTENCIA OBSTETRICA E NEONATAL NORMAL');
INSERT INTO tipoinstituicao(id,nome) VALUES (8,'PRONTO ATENDIMENTO');
INSERT INTO tipoinstituicao(id,nome) VALUES (9,'FARMACIA');
INSERT INTO tipoinstituicao(id,nome) VALUES (10,'UNIDADE DE ATENCAO HEMATOLOGICA E/OU HEMOTERAPICA');
INSERT INTO tipoinstituicao(id,nome) VALUES (11,'NUCLEO DE TELESSAUDE');
INSERT INTO tipoinstituicao(id,nome) VALUES (12,'UNIDADE DE ATENCAO DOMICILIAR');
INSERT INTO tipoinstituicao(id,nome) VALUES (13,'POLO DE PREVENCAO DE DOENCAS E AGRAVOS E PROMOCAO DA SAUDE');
INSERT INTO tipoinstituicao(id,nome) VALUES (14,'CASAS DE APOIO A SAUDE');
INSERT INTO tipoinstituicao(id,nome) VALUES (15,'UNIDADE DE REABILITACAO');
INSERT INTO tipoinstituicao(id,nome) VALUES (16,'AMBULATORIO');
INSERT INTO tipoinstituicao(id,nome) VALUES (17,'UNIDADE DE ATENCAO PSICOSSOCIAL');
INSERT INTO tipoinstituicao(id,nome) VALUES (18,'UNIDADE DE APOIO DIAGNOSTICO');
INSERT INTO tipoinstituicao(id,nome) VALUES (19,'UNIDADE DE TERAPIAS ESPECIAIS');
INSERT INTO tipoinstituicao(id,nome) VALUES (20,'LABORATORIO DE PROTESE DENTARIA');
INSERT INTO tipoinstituicao(id,nome) VALUES (21,'UNIDADE DE VIGILANCIA DE ZOONOSES');
INSERT INTO tipoinstituicao(id,nome) VALUES (22,'LABORATORIO DE SAUDE PUBLICA');
INSERT INTO tipoinstituicao(id,nome) VALUES (23,'CENTRO DE REFERENCIA EM SAUDE DO TRABALHADOR');
INSERT INTO tipoinstituicao(id,nome) VALUES (24,'SERVICO DE VERIFICACAO DE OBITO');
INSERT INTO tipoinstituicao(id,nome) VALUES (25,'CENTRO DE IMUNIZACAO');

INSERT INTO tipounidade(id,nome) VALUES (1,'POSTO DE SAUDE');
INSERT INTO tipounidade(id,nome) VALUES (2,'CENTRO DE SAUDE/UNIDADE BASICA');
INSERT INTO tipounidade(id,nome) VALUES (4,'POLICLINICA');
INSERT INTO tipounidade(id,nome) VALUES (5,'HOSPITAL GERAL');
INSERT INTO tipounidade(id,nome) VALUES (7,'HOSPITAL ESPECIALIZADO');
INSERT INTO tipounidade(id,nome) VALUES (15,'UNIDADE MISTA');
INSERT INTO tipounidade(id,nome) VALUES (20,'PRONTO SOCORRO GERAL');
INSERT INTO tipounidade(id,nome) VALUES (21,'PRONTO SOCORRO ESPECIALIZADO');
INSERT INTO tipounidade(id,nome) VALUES (22,'CONSULTORIO ISOLADO');
INSERT INTO tipounidade(id,nome) VALUES (32,'UNIDADE MOVEL FLUVIAL');
INSERT INTO tipounidade(id,nome) VALUES (36,'CLINICA/CENTRO DE ESPECIALIDADE');
INSERT INTO tipounidade(id,nome) VALUES (39,'UNIDADE DE APOIO DIAGNOSE E TERAPIA (SADT ISOLADO)');
INSERT INTO tipounidade(id,nome) VALUES (40,'UNIDADE MOVEL TERRESTRE');
INSERT INTO tipounidade(id,nome) VALUES (42,'UNIDADE MOVEL DE NIVEL PRE-HOSPITALAR NA AREA DE URGENCIA');
INSERT INTO tipounidade(id,nome) VALUES (43,'FARMACIA');
INSERT INTO tipounidade(id,nome) VALUES (50,'UNIDADE DE VIGILANCIA EM SAUDE');
INSERT INTO tipounidade(id,nome) VALUES (60,'COOPERATIVA OU EMPRESA DE CESSAO DE TRABALHADORES NA SAUDE');
INSERT INTO tipounidade(id,nome) VALUES (61,'CENTRO DE PARTO NORMAL - ISOLADO');
INSERT INTO tipounidade(id,nome) VALUES (62,'HOSPITAL/DIA - ISOLADO');
INSERT INTO tipounidade(id,nome) VALUES (64,'CENTRAL DE REGULACAO DE SERVICOS DE SAUDE');
INSERT INTO tipounidade(id,nome) VALUES (67,'LABORATORIO CENTRAL DE SAUDE PUBLICA LACEN');
INSERT INTO tipounidade(id,nome) VALUES (68,'CENTRAL DE GESTAO EM SAUDE');
INSERT INTO tipounidade(id,nome) VALUES (69,'CENTRO DE ATENCAO HEMOTERAPIA E OU HEMATOLOGICA');
INSERT INTO tipounidade(id,nome) VALUES (70,'CENTRO DE ATENCAO PSICOSSOCIAL');
INSERT INTO tipounidade(id,nome) VALUES (71,'CENTRO DE APOIO A SAUDE DA FAMILIA');
INSERT INTO tipounidade(id,nome) VALUES (72,'UNIDADE DE ATENCAO A SAUDE INDIGENA');
INSERT INTO tipounidade(id,nome) VALUES (73,'PRONTO ATENDIMENTO');
INSERT INTO tipounidade(id,nome) VALUES (74,'POLO ACADEMIA DA SAUDE');
INSERT INTO tipounidade(id,nome) VALUES (75,'TELESSAUDE');
INSERT INTO tipounidade(id,nome) VALUES (76,'CENTRAL DE REGULACAO MEDICA DAS URGENCIAS');
INSERT INTO tipounidade(id,nome) VALUES (77,'SERVICO DE ATENCAO DOMICILIAR ISOLADO(HOME CARE)');
INSERT INTO tipounidade(id,nome) VALUES (78,'UNIDADE DE ATENCAO EM REGIME RESIDENCIAL');
INSERT INTO tipounidade(id,nome) VALUES (79,'OFICINA ORTOPEDICA');
INSERT INTO tipounidade(id,nome) VALUES (80,'LABORATORIO DE SAUDE PUBLICA');
INSERT INTO tipounidade(id,nome) VALUES (81,'CENTRAL DE REGULACAO DO ACESSO');
INSERT INTO tipounidade(id,nome) VALUES (82,'CENTRAL DE NOTIFICACAO,CAPTACAO E DISTRIB DE ORGAOS ESTADUAL');
INSERT INTO tipounidade(id,nome) VALUES (83,'POLO DE PREVENCAO DE DOENCAS E AGRAVOS E PROMOCAO DA SAUDE');
INSERT INTO tipounidade(id,nome) VALUES (84,'CENTRAL DE ABASTECIMENTO');
INSERT INTO tipounidade(id,nome) VALUES (85,'CENTRO DE IMUNIZACAO');

INSERT INTO turnoatendimento(id,nome) VALUES (1,'ATENDIMENTO SOMENTE PELA MANHA');
INSERT INTO turnoatendimento(id,nome) VALUES (2,'ATENDIMENTO SOMENTE A TARDE');
INSERT INTO turnoatendimento(id,nome) VALUES (3,'ATENDIMENTOS NOS TURNOS DA MANHA E A TARDE');
INSERT INTO turnoatendimento(id,nome) VALUES (4,'ATENDIMENTO NOS TURNOS DA MANHA, TARDE E NOITE');
INSERT INTO turnoatendimento(id,nome) VALUES (5,'ATENDIMENTO COM TURNOS INTERMITENTES');
INSERT INTO turnoatendimento(id,nome) VALUES (6,'ATENDIMENTO CONTINUO DE 24 HORAS/DIA (PLANTAO:INCLUI SABADOS, DOMINGOS E FERIADOS)');
INSERT INTO turnoatendimento(id,nome) VALUES (7,'ATENDIMENTO SOMENTE A NOITE');

INSERT INTO naturezajuridica(id,codigo,nome) VALUES (1,'1000','ADMINISTRACAO PUBLICA');
INSERT INTO naturezajuridica(id,codigo,nome) VALUES (2,'1015','ORGAO PUBLICO DO PODER EXECUTIVO FEDERAL');
INSERT INTO naturezajuridica(id,codigo,nome) VALUES (3,'1023','ORGAO PUBLICO DO PODER EXECUTIVO ESTADUAL OU DO DISTRITO FEDERAL');
INSERT INTO naturezajuridica(id,codigo,nome) VALUES (4,'1031','ORGAO PUBLICO DO PODER EXECUTIVO MUNICIPAL');
INSERT INTO naturezajuridica(id,codigo,nome) VALUES (5,'1040','ORGAO PUBLICO DO PODER LEGISLATIVO FEDERAL');
INSERT INTO naturezajuridica(id,codigo,nome) VALUES (6,'1058','ORGAO PUBLICO DO PODER LEGISLATIVO ESTADUAL OU DO DISTRITO FEDERAL');
INSERT INTO naturezajuridica(id,codigo,nome) VALUES (7,'1066','ORGAO PUBLICO DO PODER LEGISLATIVO MUNICIPAL');
INSERT INTO naturezajuridica(id,codigo,nome) VALUES (8,'1074','ORGAO PUBLICO DO PODER JUDICIARIO FEDERAL');
INSERT INTO naturezajuridica(id,codigo,nome) VALUES (9,'1082','ORGAO PUBLICO DO PODER JUDICIARIO ESTADUAL');
INSERT INTO naturezajuridica(id,codigo,nome) VALUES (10,'1104','AUTARQUIA FEDERAL');
INSERT INTO naturezajuridica(id,codigo,nome) VALUES (11,'1112','AUTARQUIA ESTADUAL OU DO DISTRITO FEDERAL');
INSERT INTO naturezajuridica(id,codigo,nome) VALUES (12,'1120','AUTARQUIA MUNICIPAL');
INSERT INTO naturezajuridica(id,codigo,nome) VALUES (13,'1139','FUNDACAO FEDERAL');
INSERT INTO naturezajuridica(id,codigo,nome) VALUES (14,'1147','FUNDACAO ESTADUAL OU DO DISTRITO FEDERAL');
INSERT INTO naturezajuridica(id,codigo,nome) VALUES (15,'1155','FUNDACAO MUNICIPAL');
INSERT INTO naturezajuridica(id,codigo,nome) VALUES (16,'1163','ORGAO PUBLICO AUTONOMO FEDERAL');
INSERT INTO naturezajuridica(id,codigo,nome) VALUES (17,'1171','ORGAO PUBLICO AUTONOMO ESTADUAL OU DO DISTRITO FEDERAL');
INSERT INTO naturezajuridica(id,codigo,nome) VALUES (18,'1180','ORGAO PUBLICO AUTONOMO MUNICIPAL');
INSERT INTO naturezajuridica(id,codigo,nome) VALUES (19,'1198','COMISSAO POLINACIONAL');
INSERT INTO naturezajuridica(id,codigo,nome) VALUES (20,'1201','FUNDO PUBLICO');
INSERT INTO naturezajuridica(id,codigo,nome) VALUES (21,'1210','ASSOCIACAO PUBLICA');
INSERT INTO naturezajuridica(id,codigo,nome) VALUES (22,'1228','CONSORCIO PUBLICO DE DIREITO PRIVADO');
INSERT INTO naturezajuridica(id,codigo,nome) VALUES (23,'1236','ESTADO OU DISTRITO FEDERAL');
INSERT INTO naturezajuridica(id,codigo,nome) VALUES (24,'1244','MUNICIPIO');
INSERT INTO naturezajuridica(id,codigo,nome) VALUES (25,'1252','FUNDACAO PUBLICA DE DIREITO PRIVADO FEDERAL');
INSERT INTO naturezajuridica(id,codigo,nome) VALUES (26,'1260','FUNDACAO PUBLICA DE DIREITO PRIVADO ESTADUAL OU DO DISTRITO FEDERAL');
INSERT INTO naturezajuridica(id,codigo,nome) VALUES (27,'1279','FUNDACAO PUBLICA DE DIREITO PRIVADO MUNICIPAL');
INSERT INTO naturezajuridica(id,codigo,nome) VALUES (28,'2000','ENTIDADE EMPRESARIAIS');
INSERT INTO naturezajuridica(id,codigo,nome) VALUES (29,'2011','EMPRESA PUBLICA');
INSERT INTO naturezajuridica(id,codigo,nome) VALUES (30,'2038','SOCIEDADE DE ECONOMIA MISTA');
INSERT INTO naturezajuridica(id,codigo,nome) VALUES (31,'2046','SOCIEDADE ANONIMA ABERTA');
INSERT INTO naturezajuridica(id,codigo,nome) VALUES (32,'2054','SOCIEDADE ANONIMA FECHADA');
INSERT INTO naturezajuridica(id,codigo,nome) VALUES (33,'2062','SOCIEDADE EMPRESARIA LIMITADA');
INSERT INTO naturezajuridica(id,codigo,nome) VALUES (34,'2070','SOCIEDADE EMPRESARIA EM NOME COLETIVO');
INSERT INTO naturezajuridica(id,codigo,nome) VALUES (35,'2089','SOCIEDADE EMPRESARIA EM COMANDITA SIMPLES');
INSERT INTO naturezajuridica(id,codigo,nome) VALUES (36,'2097','SOCIEDADE EMPRESARIA EM COMANDITA POR ACOES');
INSERT INTO naturezajuridica(id,codigo,nome) VALUES (37,'2100','SOCIEDADE MERCANTIL DE CAPITAL E INDUSTRIA');
INSERT INTO naturezajuridica(id,codigo,nome) VALUES (38,'2127','SOCIEDADE EM CONTA DE PARTICIPACAO');
INSERT INTO naturezajuridica(id,codigo,nome) VALUES (39,'2135','EMPRESARIO (INDIVIDUAL)');
INSERT INTO naturezajuridica(id,codigo,nome) VALUES (40,'2143','COOPERATIVA');
INSERT INTO naturezajuridica(id,codigo,nome) VALUES (41,'2151','CONSORCIO DE SOCIEDADES');
INSERT INTO naturezajuridica(id,codigo,nome) VALUES (42,'2160','GRUPO DE SOCIEDADES');
INSERT INTO naturezajuridica(id,codigo,nome) VALUES (43,'2178','ESTABELECIMENTO, NO BRASIL, DE SOCIEDADE ESTRANGEIRA');
INSERT INTO naturezajuridica(id,codigo,nome) VALUES (44,'2194','ESTABELECIMENTO, NO BRASIL, DE EMPRESA BINACIONAL ARGENTINO BRASILEIRA');
INSERT INTO naturezajuridica(id,codigo,nome) VALUES (45,'2216','EMPRESA DOMICILIADA NO EXTERIOR');
INSERT INTO naturezajuridica(id,codigo,nome) VALUES (46,'2224','CLUBEFUNDO DE INVESTIMENTO');
INSERT INTO naturezajuridica(id,codigo,nome) VALUES (47,'2232','SOCIEDADE SIMPLES PURA');
INSERT INTO naturezajuridica(id,codigo,nome) VALUES (48,'2240','SOCIEDADE SIMPLES LIMITADA');
INSERT INTO naturezajuridica(id,codigo,nome) VALUES (49,'2259','SOCIEDADE SIMPLES EM NOME COLETIVO');
INSERT INTO naturezajuridica(id,codigo,nome) VALUES (50,'2267','SOCIEDADE SIMPLES EM COMANDITA SIMPLES');
INSERT INTO naturezajuridica(id,codigo,nome) VALUES (51,'2275','EMPRESA BINACIONAL');
INSERT INTO naturezajuridica(id,codigo,nome) VALUES (52,'2283','CONSORCIO DE EMPREGADORES');
INSERT INTO naturezajuridica(id,codigo,nome) VALUES (53,'2291','CONSORCIO SIMPLES');
INSERT INTO naturezajuridica(id,codigo,nome) VALUES (54,'2305','EMPRESA INDIVIDUAL DE RESPONSABILIDADE LIMITADA (DE NATUREZA EMPRESARIA)');
INSERT INTO naturezajuridica(id,codigo,nome) VALUES (55,'2313','EMPRESA INDIVIDUAL DE RESPONSABILIDADE LIMITADA (DE NATUREZA SIMPLES)');
INSERT INTO naturezajuridica(id,codigo,nome) VALUES (56,'2321','SOCIEDADE UNIPESSOAL DE ADVOGADOS');
INSERT INTO naturezajuridica(id,codigo,nome) VALUES (57,'2330','COOPERATIVAS DE CONSUMO');
INSERT INTO naturezajuridica(id,codigo,nome) VALUES (58,'3000','ENTIDADES SEM FINS LUCRATIVOS');
INSERT INTO naturezajuridica(id,codigo,nome) VALUES (59,'3034','SERVICO NOTARIAL E REGISTRAL (CARTORIO)');
INSERT INTO naturezajuridica(id,codigo,nome) VALUES (60,'3069','FUNDACAO PRIVADA');
INSERT INTO naturezajuridica(id,codigo,nome) VALUES (61,'3077','SERVICO SOCIAL AUTONOMO');
INSERT INTO naturezajuridica(id,codigo,nome) VALUES (62,'3085','CONDOMINIO EDILICIO');
INSERT INTO naturezajuridica(id,codigo,nome) VALUES (63,'3107','COMISSAO DE CONCILIACAO PREVIA');
INSERT INTO naturezajuridica(id,codigo,nome) VALUES (64,'3115','ENTIDADE DE MEDIACAO E ARBITRAGEM');
INSERT INTO naturezajuridica(id,codigo,nome) VALUES (65,'3123','PARTIDO POLITICO');
INSERT INTO naturezajuridica(id,codigo,nome) VALUES (66,'3131','ENTIDADE SINDICAL');
INSERT INTO naturezajuridica(id,codigo,nome) VALUES (67,'3204','ESTABELECIMENTO, NO BRASIL, DE FUNDACAO OU ASSOCIACAO ESTRANGEIRAS');
INSERT INTO naturezajuridica(id,codigo,nome) VALUES (68,'3212','FUNDACAO OU ASSOCIACAO DOMICILIADA NO EXTERIOR');
INSERT INTO naturezajuridica(id,codigo,nome) VALUES (69,'3220','ORGANIZACAO RELIGIOSA');
INSERT INTO naturezajuridica(id,codigo,nome) VALUES (70,'3239','COMUNIDADE INDIGENA');
INSERT INTO naturezajuridica(id,codigo,nome) VALUES (71,'3247','FUNDO PRIVADO');
INSERT INTO naturezajuridica(id,codigo,nome) VALUES (72,'3255','ORGAO DE DIRECAO NACIONAL DE PARTIDO POLITICO');
INSERT INTO naturezajuridica(id,codigo,nome) VALUES (73,'3263','ORGAO DE DIRECAO REGIONAL DE PARTIDO POLITICO');
INSERT INTO naturezajuridica(id,codigo,nome) VALUES (74,'3271','ORGAO DE DIRECAO LOCAL DE PARTIDO POLITICO');
INSERT INTO naturezajuridica(id,codigo,nome) VALUES (75,'3280','COMITE FINANCEIRO DE PARTIDO POLITICO');
INSERT INTO naturezajuridica(id,codigo,nome) VALUES (76,'3298','FRENTE PLEBISCITARIA OU REFERENDARIA');
INSERT INTO naturezajuridica(id,codigo,nome) VALUES (77,'3301','ORGANIZAÇÃO SOCIAL (OS)');
INSERT INTO naturezajuridica(id,codigo,nome) VALUES (78,'3999','ASSOCIACAO PRIVADA');
INSERT INTO naturezajuridica(id,codigo,nome) VALUES (79,'4000','PESSOA FISICA');
INSERT INTO naturezajuridica(id,codigo,nome) VALUES (80,'4014','EMPRESA INDIVIDUAL IMOBILIARIA');
INSERT INTO naturezajuridica(id,codigo,nome) VALUES (81,'4022','SEGURADO ESPECIAL');
INSERT INTO naturezajuridica(id,codigo,nome) VALUES (82,'4081','CONTRIBUINTE INDIVIDUAL');
INSERT INTO naturezajuridica(id,codigo,nome) VALUES (83,'4090','CANDIDATO A CARGO POLITICO ELETIVO');
INSERT INTO naturezajuridica(id,codigo,nome) VALUES (84,'4111','LEILOEIRO');
INSERT INTO naturezajuridica(id,codigo,nome) VALUES (85,'4120','PRODUTOR RURAL (PESSOA FISICA)');
INSERT INTO naturezajuridica(id,codigo,nome) VALUES (86,'5010','ORGANIZACAO INTERNACIONAL');
INSERT INTO naturezajuridica(id,codigo,nome) VALUES (87,'5029','REPRESENTACAO DIPLOMATICA ESTRANGEIRA');
INSERT INTO naturezajuridica(id,codigo,nome) VALUES (88,'5037','OUTRAS INSTITUICOES EXTRATERRITORIAIS');
INSERT INTO naturezajuridica(id,codigo,nome) VALUES (89,'8885','NATUREZA JURIDICA INVALIDA');

INSERT INTO atividade(id,grupoatividade_id,nome,conceito) VALUES (0,0,'NAO SE APLICA','Sem Conceito');
INSERT INTO atividade(id,grupoatividade_id,nome,conceito) VALUES (1,1,'CONSULTA AMBULATORIAL','Atendimento dispensado a indivíduos cuja condição de saúde estável lhes permita comparecer ao estabelecimento e retornar ao local de origem, realizado por profissionais de saúde de nível superior, com a finalidade de fornecer parecer, instrução ou examinar determinada situação, afim de decidir sobre um plano de ação ou prescrição terapêutica dentro da sua área de atuação.');
INSERT INTO atividade(id,grupoatividade_id,nome,conceito) VALUES (2,1,'APOIO DIAGNOSTICO','Ações e serviços que se utilizam de recursos físicos e tecnológicos (ex: Raios X, Ultrassonografia, Ressonância Magnética, Análises Clínicas/ Laboratoriais, Eletrocardiografia, Endoscopia,etc) com o objetivo de auxiliar, de forma complementar, a determinação da natureza de uma doença ou estado, ou a diferenciação entre elas, melhorando a tomada de decisão assistencial.');
INSERT INTO atividade(id,grupoatividade_id,nome,conceito) VALUES (3,1,'TERAPIAS ESPECIAIS','Atividades voltadas exclusivamente para a realização de hemodiálise, quimioterapia, radioterapia ou cirurgias ambulatoriais.');
INSERT INTO atividade(id,grupoatividade_id,nome,conceito) VALUES (4,1,'REABILITACAO','Conjunto de ações e serviços orientados a desenvolver ou ampliar a capacidade funcional e desempenho dos indivíduos, proteger a saúde e prevenir agravos, de modo a contribuir para autonomia, acesso à direitos e participação em todas as esferas da vida social.');
INSERT INTO atividade(id,grupoatividade_id,nome,conceito) VALUES (5,1,'CONCESSAO, MANUTENCAO E ADAPTACAO DE OPM','As Órteses, Próteses, Materiais Especiais e Meios de Locomoção (OPM) constituem ferramentas do processo terapêutico da reabilitação, contribuindo fundamentalmente na superação de barreiras, devendo ser prescritas de forma individualizada por profissional capacitado. A concessão de OPM deve obrigatoriamente estar atrelada à adaptação, manutenção e treino de uso da mesma.');
INSERT INTO atividade(id,grupoatividade_id,nome,conceito) VALUES (6,1,'ATENCAO DOMICILIAR','Ações e serviços prestados de forma substitutiva ou complementar à internação hospitalar ou atendimento ambulatorial, caracterizados pelo conjunto de tratamento de doenças, reabilitação, promoção à saúde e prevenção, englobando internação e/ou assistência prestadas em domicílio.');
INSERT INTO atividade(id,grupoatividade_id,nome,conceito) VALUES (7,1,'ASSISTENCIA A EMERGENCIAS','Cuidados destinados a pacientes de demanda espontânea com agravos que necessitam de atendimento imediato por risco iminente de morte.');
INSERT INTO atividade(id,grupoatividade_id,nome,conceito) VALUES (8,1,'ENTREGA/DISPENSACAO DE MEDICAMENTOS','Conjunto de ações relativas ao fornecimento de medicamentos diretamente ao paciente e a orientação para o seu uso racional, mediante apresentação de prescrição por profissional habilitado.');
INSERT INTO atividade(id,grupoatividade_id,nome,conceito) VALUES (9,1,'INTERNACAO','Cuidados ou tratamentos prestados a um indivíduo, por razões clínicas e/ou cirúrgicas, que demandem a ocupação de um leito por um período igual ou superior a 24 horas.');
INSERT INTO atividade(id,grupoatividade_id,nome,conceito) VALUES (10,1,'ASSISTENCIA INTERMEDIARIA','Conjunto de ações realizadas entre a internação e o atendimento ambulatorial, para realização de procedimentos clínicos, cirúrgicos, diagnósticos e terapêuticos, que requeiram a permanência do paciente em um leito por um período inferior a 24 horas.');
INSERT INTO atividade(id,grupoatividade_id,nome,conceito) VALUES (11,1,'ATENCAO PSICOSSOCIAL','Conjunto de ações intersetoriais de caráter territorial e comunitário que visa à substituição do modelo asilar manicomial, por meio de cuidados que possibilitem a reabilitação psicossocial das pessoas em sofrimento psíquico ou transtorno mental, incluindo aquelas com necessidades decorrentes do uso de álcool e outras drogas, garantindo atenção contínua às situações de crise em saúde mental e articulação do cuidado com outros pontos de atenção.');
INSERT INTO atividade(id,grupoatividade_id,nome,conceito) VALUES (12,1,'ATENCAO BASICA','Conjunto de ações e serviços longitudinais de saúde no âmbito individual e coletivo, de caráter territorial e comunitário, que abrange o cuidado/tratamento, a promoção e proteção da saúde, a prevenção de agravos, a vigilância em saúde, a reabilitação e a redução de danos à saúde, coordenando ou integrando o cuidado fornecido em outros pontos de atenção.');
INSERT INTO atividade(id,grupoatividade_id,nome,conceito) VALUES (13,1,'ASSISTENCIA OBSTETRICA E NEONATAL','Conjunto de cuidados ou tratamentos prestados à gestante, parturiente e recém-nascido, por razões obstétricas ou neonatais.');
INSERT INTO atividade(id,grupoatividade_id,nome,conceito) VALUES (14,1,'TELESSAUDE','Serviços que utilizam tecnologias da informação e comunicação como meio para desenvolver ações de apoio a Atenção à Saúde e de Educação Permanente em Saúde, com o fim de realizar apoio diagnóstico, ações educativas, esclarecer dúvidas dos profissionais de saúde e gestores de saúde.');
INSERT INTO atividade(id,grupoatividade_id,nome,conceito) VALUES (15,1,'ATENCAO HEMATOLOGICA E/OU HEMOTERAPICA','Conjunto de ações que integram a assistência especializada em coagulopatias e hemoglobinopatias e/ou o conjunto de ações referentes a captação do doador, o ciclo de produção do sangue, testes sorológicos, testes imunohematológicos, distribuição e transfusão de sangue e componentes e demais atividades hemoterápicas.');
INSERT INTO atividade(id,grupoatividade_id,nome,conceito) VALUES (16,1,'PROMOCAO DA SAUDE, PREVENCAO DE DOENCAS E AGRAVOS E PRODUCAO DO CUIDADO','Conjunto de ações e serviços de saúde, de caráter individual ou coletivo, compreendendo práticas corporais, artísticas e culturais, práticas integrativas e complementares, atividades físicas, promoção da alimentação saudável ou educação em saúde.');
INSERT INTO atividade(id,grupoatividade_id,nome,conceito) VALUES (17,1,'IMUNIZACAO','Conjunto de ações que objetivam a administração de vacinas para estimulação da resposta imune do hospedeiro, incluindo quaisquer preparações para a profilaxia imunológica ativa.');
INSERT INTO atividade(id,grupoatividade_id,nome,conceito) VALUES (18,2,'ANALISES LABORATORIAIS DE VIGILANCIA EM SAUDE','Ações e serviços de análises laboratoriais de interesse à saúde pública, relacionadas a vigilância epidemiológica, vigilância em saúde ambiental, saúde do trabalhador e vigilância sanitária, vinculado a órgãos ou entidades da Administração Pública direta ou indireta, da União, dos Estados, do Distrito Federal ou dos Municípios, e das fundações mantidas pelo poder Público.');
INSERT INTO atividade(id,grupoatividade_id,nome,conceito) VALUES (19,2,'VIGILANCIA EM SAUDE DO TRABALHADOR','Ações e serviços de vigilância em saúde, clínico-assistenciais e de suporte técnico-pedagógico, voltadas para a atenção integral à saúde do trabalhador.');
INSERT INTO atividade(id,grupoatividade_id,nome,conceito) VALUES (20,2,'ESCLARECIMENTO DA CAUSA MORTIS DE OBITOS','Ações e serviços de realização de autópsia para o esclarecimento dacausa mortis, com ou sem assistência médica, sem elucidação diagnóstica, em especial aqueles sob investigação epidemiológica.');
INSERT INTO atividade(id,grupoatividade_id,nome,conceito) VALUES (21,2,'VIGILANCIA DE ZOONOSES','Conjunto de ações, serviços e estratégias relacionadas a animais de relevância para a saúde pública, devendo obrigatoriamente contemplar: a educação em saúde visando à prevenção de zoonoses; a vacinação animal contra zoonoses normatizadas pelo Ministério da Saúde; o diagnóstico laboratorial de zoonoses e identificação das espécies de animais; a coleta, recebimento, acondicionamento, conservação e transporte de espécimes ou amostras biológicas de animais para encaminhamento aos laboratórios, com vistas à identificação ou diagnóstico laboratorial de zoonoses; o gerenciamento de resíduos oriundos dos serviços gerados pelas atividades de vigilância em zoonoses; o recolhimento e transporte de animais; a recepção de animais vivos e de cadáveres de animais; a manutenção e cuidados básicos aos animais recolhidos; a destinação adequada dos animais recolhidos (resgate, transferência ou eutanásia); a necropsia e coleta de amostras laboratoriais ou outros procedimentos pertinentes em animais (vivos ou mortos) suspeitos de zoonoses; o controle de vetores, roedores e animais sinantrópicos; a adoção de medidas de biossegurança; e a inspeção zoossanitária. Não estão incluídas: atividades que possuem como foco o bem estar, a proteção e a saúde animal; fiscalização relativa a maus tratos a animais; salvamento, recolhimento e acolhimento de animais que não são de relevância para a saúde pública; controle e prevenção de acidentes de trânsito causados por animais; atendimento de reclamações relativas às denúncias que não se referem a animais de relevância para a saúde pública; adestramento/ressocialização de animais; controle em massa de populações de animais para prevenção de zoonoses; atendimento clínico veterinário a animais que não estejam sob guarda da Unidade de Vigilância de Zoonoses (UVZ); atendimento clínico veterinário a animais que estejam sob guarda da UVZ, que não seja exame clínico básico e procedimentos curativos; atendimento cirúrgico veterinário a animais.');
INSERT INTO atividade(id,grupoatividade_id,nome,conceito) VALUES (22,3,'ADMINISTRACAO','Compreende os processos de formulação, implementação, planejamento e administração das políticas, sistemas e práticas de saúde. Abrange a organização dos serviços de saúde, bem como a articulação das práticas de saúde (individual e coletiva) nos níveis central, regional e local de um sistema ou rede de saúde. Inclui-se as atividades realizadas para a gestão, controle, avaliação e auditoria de sistemas ou redes de saúde, bem como a atividade administrativa do Tratamento Fora de Domicílio. Exclui-se as atividades de gestão interna nos estabelecimentos e serviços de saúde.');
INSERT INTO atividade(id,grupoatividade_id,nome,conceito) VALUES (23,3,'REGULACAO ASSISTENCIAL','Compreende a organização, o controle, o gerenciamento e a priorização do acesso e dos fluxos assistenciais, por meio de autoridade sanitária exercida por profissional de saúde no seu âmbito de atuação legal, para a garantia do acesso baseada em protocolos, classificação de risco e demais critérios de priorização. Inclui-se as atividades de regulação assistencial realizadas tanto pelo Sistema Único de Saúde quanto pelas operadoras de planos de saúde, seja hospitalar ou ambulatorial, eletiva ou de urgência, as atividades de regulação de ambulâncias públicas ou privadas.');
INSERT INTO atividade(id,grupoatividade_id,nome,conceito) VALUES (24,3,'LOGISTICA DE INSUMOS','Compreende o armazenamento e distribuição, sem fins comerciais, para os estabelecimentos de saúde, de medicamentos, imunobiológicos, kit de diagnóstico, produtos químicos e equipamentos de controle vetorial ou produtos para a saúde.');
INSERT INTO atividade(id,grupoatividade_id,nome,conceito) VALUES (25,3,'LOGISTICA DE ORGAOS, TECIDOS E CELULAS DO CORPO HUMANO','Compreende as ações para o acondicionamento, gerenciamento e distribuição dos órgãos, tecidos e células do corpo humano.');
INSERT INTO atividade(id,grupoatividade_id,nome,conceito) VALUES (26,4,'HOSPITALIDADE','Serviços que visam alojar temporariamente e apoiar indivíduos que necessitam permanecer fora de sua residência/moradia para acessar serviços de saúde não ofertados em sua localidade de origem, podendo dispor de atividades assistenciais simples, principalmente relacionados a cuidados básicos.');
INSERT INTO atividade(id,grupoatividade_id,nome,conceito) VALUES (27,4,'CONFECCAO DE ORTESES E PROTESES DENTARIAS','Serviço de fabricação e produção de órteses e próteses dentárias com o intuito de apoiar ações de assistência em saúde.');
